city_key,incidents_quantity,city_name,city_state,first_incident_date,last_incident_date
NYC,9627921,New York City,NY,2000-01-01T00:00:00Z,2025-04-27T23:00:00.000Z
CHI,8217739,Chicago,IL,2001-01-01T00:00:00Z,2025-04-23T00:00:00.000Z
PHL,3994738,Philadelphia,PA,2006-01-01T00:00:00.000Z,2025-04-30T03:56:00.000Z
CLAX,3338760,Los Angeles County,CA,2000-03-16T06:55:24Z,2025-05-01T23:58:00.000Z
SAT,3293173,San Antonio,TX,2018-01-01T00:00:48.000Z,2025-04-28T04:01:00.000Z
LAX,3124450,Los Angeles,CA,2010-01-01T00:01:00.000Z,2025-04-01T14:03:00.000Z
IND,2819475,Indianapolis,IN,2018-01-01T00:00:00.000Z,2025-04-29T20:03:29.000Z
MEM,1743399,Memphis,TN,2000-01-01T00:00:00.000Z,2025-05-02T00:00:00.000Z
BNA,1512347,Nashville,TN,2013-01-01T00:00:00.000Z,2025-04-25T20:42:00.000Z
DAL,1453585,Dallas,TX,2000-01-01T00:00:00Z,2025-01-11T12:10:00.000Z
SEA,1166867,Seattle,WA,2008-01-01T00:02:00.000Z,2025-04-29T12:10:00.000Z
HOU,1114574,Houston,TX,2018-01-01T00:00:00.000Z,2025-04-29T21:00:00.000Z
SFO,1086765,San Francisco,CA,2018-01-01T00:00:00.000Z,2025-04-30T20:54:00.000Z
DEN,900673,Denver,CO,2014-01-02T00:00:00.000Z,2025-04-29T21:15:00.000Z
WAS,892916,Washington,DC,2008-01-01T00:00:00.000Z,2025-01-01T19:45:00.000Z
BOS,817328,Boston,MA,2015-06-15T00:00:00.000Z,2025-04-29T02:30:00.000Z
ORL,791511,Orlando,FL,2018-01-01T00:02:49Z,2025-04-09T23:57:58.000Z
BAL,707668,Baltimore,MD,2000-01-01T08:00:00.000Z,2025-04-30T06:22:00.000Z
PHX,681475,Phoenix,AZ,2015-11-01T00:00:00.000Z,2025-04-23T23:00:00.000Z
TUZ,678622,Tucson,AZ,2018-01-01T00:05:00.000Z,2025-05-01T18:47:00.000Z
DET,654972,Detroit,MI,2000-01-01T10:00:00.000Z,2025-04-29T23:56:00.000Z
AUS,596645,Austin,TX,2019-01-01T00:04:00Z,2025-05-03T18:50:00.000Z
SAN,567689,San Diego,CA,2019-06-21T00:00:00.000Z,2025-04-30T20:07:00.000Z
ATL,535531,Atlanta,GA,2000-04-28T00:01:00.000Z,2025-04-28T08:29:00.000Z
SJC,498985,San Jose,CA,2018-01-01T00:05:40.000Z,2025-03-14T05:33:18.000Z
LAS,495842,Las Vegas,NV,2021-01-01T00:00:00Z,2025-01-19T15:44:06.000Z
OAK,439464,Oakland,CA,2000-01-01T00:00:00.000Z,2025-04-30T21:30:00.000Z
CA-TOR,391596,Toronto,CA-ON,2000-01-01T07:00:00.000Z,2025-04-30T22:00:00.000Z
FNC,382573,Fremont,CA,2000-01-01T00:00:00.000Z,2025-04-28T01:30:00.000Z
FWT,377769,Fort Worth,TX,2018-01-01T00:00:00.000Z,2025-04-27T12:45:00.000Z
RAG,370999,Raleigh,NC,2014-06-01T04:15:00.000Z,2025-04-26T03:44:00.000Z
ABQ,344287,Albuquerque,NM,2019-03-19T07:11:00.000Z,2025-04-29T21:42:14.000Z
BUF,337880,Buffalo,NY,2000-01-01T00:01:00.000Z,2025-04-30T05:59:53.000Z
SLE,317806,Salem OR,OR,2000-01-01T00:00:00.000Z,2025-04-28T23:54:00.000Z
STL,316558,St. Louis,MO,2017-11-01T00:01:00.000Z,2025-04-30T00:45:00.000Z
BVE,308231,Bellevue,WA,2019-11-24T01:14:46Z,2025-04-30T09:28:28.000Z
STP,282390,Saint Paul,MN,2014-08-14T05:00:00Z,2025-04-24T00:21:00.000Z
LUI,279665,Louisville,KY,2019-05-14T00:00:00.000Z,2024-12-31T23:50:00.000Z
MES,277123,Minneapolis,MN,2019-01-01T00:00:00Z,2025-04-29T15:55:00.000Z
ICT,262323,Wichita,KS,2020-01-05T00:01:00.000Z,2025-04-29T15:27:00.000Z
MKC,246499,Kansas,MO,2000-01-01T00:01:00.000Z,2025-04-29T22:00:00.000Z
CA-LOD,237761,London,CA-ON,2022-01-01T00:00:00Z,2025-04-26T22:25:00.000Z
CMH,224867,Columbus,OH,2019-04-20T00:00:00.000Z,2025-05-03T02:48:00.000Z
AUC,222721,Aurora,CO,2017-11-01T00:00:00.000Z,2025-04-29T00:42:00.000Z
MSC,208729,Mesa,AZ,2019-04-17T00:00:00.000Z,2025-04-28T04:01:00.000Z
MSY,203532,New Orleans,LA,2021-05-02T01:10:00.000Z,2025-04-29T12:00:00.000Z
NPV,202231,Naperville,IL,2010-01-01T00:55:00.000Z,2024-12-03T00:55:00.000Z
OKC,200418,Oklahoma City,OK,2019-04-19T00:05:00.000Z,2025-04-25T06:30:00.000Z
CSG,193523,Columbus,GA,2023-01-01T00:12:30Z,2025-04-29T19:07:04.000Z
TPA,192950,Tampa,FL,2019-04-19T00:59:00.000Z,2025-04-29T00:57:00.000Z
CVG,188762,Cincinnati,OH,2019-05-14T00:10:00.000Z,2025-03-02T15:25:00.000Z
ABS,159007,Spring,TX,2019-03-19T07:01:59.000Z,2025-03-14T04:00:00.000Z
CSAC,145205,Sacramento County,CA,2019-11-20T14:00:00.000Z,2025-04-28T11:03:00.000Z
CMIA,137785,Miami-Dade County,FL,2023-04-21T00:00:00Z,2025-02-13T02:09:00.000Z
COS,133994,Colorado Springs,CO,2019-06-01T11:59:00.000Z,2025-04-28T20:00:00.000Z
DELETE,126482,Houston,TX,2025-01-24T00:00:00.000Z,2025-04-29T18:12:00.000Z
SCK,126134,Stockton,CA,2019-10-21T08:20:00.000Z,2025-04-28T00:19:00.000Z
MIA,123185,Miami,FL,2009-01-01T00:00:00.000Z,2025-04-27T03:04:00.000Z
CSEA,120023,King County,Not found,2020-01-01T00:00:00Z,2025-05-01T00:00:00.000Z
CRKV,116870,Montgomery County,MD,2020-02-09T14:00:00.000Z,2025-03-21T04:07:42.000Z
MSN,114705,Madison,WI,2021-04-16T00:00:00.000Z,2025-04-28T20:55:00.000Z
RIC,107790,Richmond,VA,2020-01-06T00:00:00.000Z,2025-04-29T02:19:00.000Z
TOL,104189,Toledo,OH,2020-03-07T02:20:00.000Z,2025-04-29T00:58:00.000Z
GBO,98162,Greensboro,NC,2022-01-01T00:00:00Z,2025-04-29T15:50:00.000Z
GRX,96544,Garland,TX,2000-01-01T12:00:00.000Z,2025-04-21T19:58:00.000Z
SGF,95441,Springfield,MO,2020-12-20T11:06:00.000Z,2025-03-25T20:25:00.000Z
PIT,95224,Pittsburgh,PA,2019-04-20T00:29:00.000Z,2025-05-01T05:27:00.000Z
PW2,89755,Parkwater-Spokane,WA,2022-01-01T00:00:00Z,2025-04-29T15:23:00.000Z
CLT,87370,Charlotte,NC,2019-03-19T07:00:00.000Z,2025-03-13T07:00:00.000Z
DUR,87270,Durham,NC,2020-12-19T00:25:00.000Z,2025-03-22T18:40:59.000Z
IRT,87087,Irving,TX,2020-01-01T00:01:00.000Z,2025-04-29T13:32:00.000Z
CZZO,82101,Pinal County,AZ,2020-12-24T01:20:00.000Z,2025-03-23T02:15:00.000Z
DAY,79107,Dayton,OH,2020-03-07T00:00:00.000Z,2025-04-28T21:39:00.000Z
CGV9,76963,Greenville County,SC,2021-04-16T00:00:00.000Z,2025-04-29T16:30:00.000Z
TLH,73319,Tallahassee,FL,2025-01-01T00:00:05.000Z,2025-04-27T16:28:00.000Z
CCAE,67355,Richland County,SC,2021-04-16T00:00:00.000Z,2025-04-28T22:38:00.000Z
CHD,67318,Chandler,AZ,2020-12-24T04:06:00.000Z,2025-04-22T20:15:00.000Z
TYS,67035,Knoxville,TN,2021-04-16T00:23:00.000Z,2025-04-29T20:38:00.000Z
CGCS,64444,Clay County,FL,2020-02-24T07:45:00.000Z,2025-04-28T23:29:00.000Z
TPE,61856,Tempe,AZ,2020-12-24T00:00:00.000Z,2025-04-28T15:43:00.000Z
CBFL,61282,Kern County,CA,2020-11-29T04:14:00.000Z,2025-04-27T09:49:00.000Z
LGB,59373,Long Beach,CA,2019-04-17T00:20:00.000Z,2025-05-02T12:30:00.000Z
WVC,57749,West Valley City,UT,2020-01-06T01:48:00.000Z,2025-04-29T01:43:00.000Z
DSN,57691,Des Moines,WA,2000-01-01T00:00:00.000Z,2025-04-26T21:00:00.000Z
AXR,56894,Alexandria,VA,2020-01-06T02:11:00.000Z,2025-04-29T19:31:00.000Z
CARP,56409,Arlington County,VA,2020-01-06T03:09:00.000Z,2025-04-28T13:50:00.000Z
LET,56364,Lexington,SC,2021-04-16T01:55:00.000Z,2025-04-16T00:00:00.000Z
IDE,55595,Independence,OR,2022-01-01T00:00:00Z,2025-04-25T21:37:00.000Z
LKD,55112,Lakewood,OH,2021-12-09T09:45:00.000Z,2025-03-22T16:09:47.000Z
MSQ,54618,Mesquite,TX,2020-01-02T18:22:00.000Z,2025-04-29T00:15:00.000Z
STZ,53341,Scottsdale,AZ,2020-12-19T16:00:00.000Z,2025-03-19T21:47:00.000Z
ABI,51901,Abilene,TX,2020-01-01T00:00:00.000Z,2025-03-23T03:11:21.000Z
RML,51205,Carmel,IN,2023-01-01T00:25:12Z,2025-04-29T20:05:10.000Z
CSRF,50892,Marin County,CA,2013-01-01T01:23:00.000Z,2025-04-29T02:52:00.000Z
DTN,48846,Denton,TX,2020-01-01T00:00:00.000Z,2025-04-29T15:02:00.000Z
CUV,48616,Chula Vista,CA,2023-07-24T01:00:00Z,2025-02-14T00:55:00.000Z
CMRZ,48139,Contra Costa County,CA,2019-10-04T09:10:00.000Z,2025-04-28T21:56:00.000Z
CPKV,47124,Spokane County,WA,2022-01-01T00:00:00Z,2025-04-29T13:35:00.000Z
GRR,44906,Grand Rapids,MI,2020-01-07T00:25:00.000Z,2025-04-30T18:06:01.000Z
LAN,44038,Lansing,MI,2019-12-10T06:21:00.000Z,2025-04-29T03:27:00.000Z
CPUY,43506,Pierce County,WA,2022-01-01T00:00:00Z,2025-04-28T22:34:00.000Z
URS,43276,Surprise,AZ,2021-01-27T12:10:00.000Z,2025-04-29T16:34:03.000Z
ANP,42475,Annapolis,MD,2019-12-10T00:00:00.000Z,2025-04-27T00:00:00.000Z
DXR,42096,Danbury,CT,2022-01-01T00:01:00Z,2025-04-29T00:49:00.000Z
TOP,41235,Topeka,KS,2020-01-04T00:01:00.000Z,2025-03-23T00:50:00.000Z
LEA,40819,Leander,TX,2022-01-01T00:00:00Z,2025-04-25T22:06:00.000Z
FIX,39597,Frisco,TX,2020-01-01T00:00:00.000Z,2025-04-21T12:49:00.000Z
FLL,39069,Fort Lauderdale,FL,2020-02-24T00:00:00.000Z,2025-02-24T17:00:00.000Z
MVQ,38989,Madisonville,KY,2021-04-16T06:38:00.000Z,2025-04-28T23:21:00.000Z
HNV,38815,Hampton,VA,2020-01-06T06:00:00.000Z,2025-03-22T12:01:00.000Z
OXN,38446,Oxnard,CA,2020-11-29T01:30:00.000Z,2025-04-27T23:34:00.000Z
OVL,38329,Overland Park,KS,2020-01-04T00:45:00.000Z,2025-04-28T17:00:00.000Z
FUL,38133,Fullerton,CA,2020-11-29T00:55:00.000Z,2025-04-29T09:46:00.000Z
AKH,37945,Akron,OH,2020-03-07T00:00:00.000Z,2025-04-29T19:50:00.000Z
ILE,37644,Killeen,TX,2020-01-01T00:00:00.000Z,2025-04-29T02:45:00.000Z
CELP,37367,El Paso County,TX,2020-01-01T11:43:00.000Z,2025-04-28T16:36:00.000Z
FDW,37283,Federal Way,WA,2020-12-19T00:00:00.000Z,2025-04-29T01:24:12.000Z
CFLL,36868,Broward County,FL,2023-04-21T00:00:00Z,2025-04-29T20:55:01.000Z
RAP,36035,Rapid City,SD,2021-04-16T00:00:00Z,2025-04-29T19:34:09.870Z
VAN,35717,Vancouver,WA,2021-02-10T15:00:00.000Z,2025-04-28T14:51:00.000Z
PTM,35644,Portsmouth,VA,2020-01-06T00:30:00.000Z,2025-04-28T20:10:59.000Z
KCK,34853,Kansas City,KS,2020-01-05T00:55:00.000Z,2025-04-06T15:01:00.000Z
CPAE,34545,Snohomish County,WA,2020-12-19T00:00:00.000Z,2025-04-29T01:45:00.000Z
SNM,34126,San Marcos,CA,2023-07-24T01:00:00Z,2025-04-19T19:00:01.000Z
ELP,33548,El Paso,TX,2020-01-02T00:00:00.000Z,2025-02-23T01:50:00.000Z
PAE,33098,Everett,WA,2020-12-19T00:00:00.000Z,2025-04-28T15:07:00.000Z
CSCK,32942,San Joaquin County,CA,2019-10-20T14:24:00.000Z,2025-04-05T23:37:00.000Z
CLTO,32357,Arapahoe County,CO,2020-12-19T09:34:00.000Z,2025-04-28T22:49:03.960Z
TPL,31976,Temple,TX,2020-01-01T02:59:00.000Z,2025-01-13T15:24:00.000Z
IDP,31670,Independence,KS,2020-01-04T12:01:00.000Z,2025-04-28T10:53:00.000Z
GV9,31350,Greenville,SC,2021-04-16T00:00:00.000Z,2025-04-29T05:10:00.000Z
FSM,31232,Fort Smith,AR,2021-04-16T01:00:00.000Z,2025-04-29T06:42:00.000Z
BQP,29782,Brooklyn Park,MN,2021-04-16T00:00:00.000Z,2025-04-29T14:10:00.000Z
FSH,29604,Fishers,IN,2023-01-01T00:13:15Z,2025-04-29T19:48:16.000Z
BCT,29498,Boca Raton,FL,2020-02-24T07:11:00.000Z,2025-04-28T19:11:00.000Z
CPHX,29054,Maricopa County,AZ,2020-12-20T08:04:00.000Z,2025-03-25T16:16:00.000Z
CAX,28854,Carrollton,TX,2020-01-01T00:00:00.000Z,2025-04-29T06:49:00.000Z
NPQ,28852,Maplewood,MN,2021-04-16T03:05:00.000Z,2025-04-29T18:09:00.000Z
SAV,28739,Savannah,GA,2021-04-16T00:01:00.000Z,2024-11-25T02:00:00.000Z
CLD,28618,Carlsbad,CA,2023-07-24T08:00:00Z,2025-04-10T21:14:01.000Z
CKYL,28325,Pinellas County,FL,2022-01-01T00:00:00Z,2025-04-28T15:22:00.000Z
AVG,28030,Avondale,AZ,2020-12-20T10:59:00.000Z,2025-04-29T00:18:00.000Z
MCJ,27982,Mishawaka,IN,2023-01-01T00:04:00Z,2025-04-27T07:29:00.000Z
CA-VIC,27778,Victoria,BC,2021-11-30T07:02:00Z,2025-04-27T07:08:00.000Z
CAHN,27573,Athens-Clarke County,GA,2021-04-16T00:00:00.000Z,2025-04-26T04:45:00.000Z
BQI,27320,Bloomington,MN,2021-04-16T01:58:00.000Z,2025-04-29T12:47:00.000Z
AVA,27190,Arvada,CO,2020-12-19T09:30:00.000Z,2025-03-22T18:23:14.000Z
CLET,26801,Lexington County,SC,2021-04-16T00:00:00.000Z,2025-03-25T14:45:00.000Z
STJ,25630,Saint Joseph,MO,2020-12-19T00:00:00.000Z,2025-04-29T01:40:00.000Z
YUM,25610,Yuma,AZ,2021-01-27T00:00:00.000Z,2025-04-27T02:05:00.000Z
MCT,25112,McKinney,TX,2020-01-01T00:00:00.000Z,2025-04-28T23:16:00.000Z
APC,25074,Napa,CA,2020-05-25T21:27:00.000Z,2025-04-29T14:54:00.000Z
CLW,24920,Clearwater,FL,2020-02-24T01:55:00.000Z,2025-03-21T22:54:00.000Z
PGV,24725,Greenville,NC,2021-04-16T00:00:00.000Z,2025-03-22T18:36:00.000Z
VNT,24693,Ventura,CA,2020-11-29T04:09:00.000Z,2025-04-09T13:06:00.000Z
S8W,23590,Speedway,IN,2023-01-01T05:42:09Z,2025-04-29T19:07:17.000Z
LWC,23061,Lawrence,KS,2020-01-04T00:04:00.000Z,2025-04-29T17:44:29.000Z
CLWC,22866,Douglas County,KS,2020-01-08T21:54:00.000Z,2025-03-21T02:47:00.000Z
GBE,22815,Gilbert,AZ,2020-12-24T00:00:00.000Z,2025-04-28T11:13:00.000Z
NVB,22426,Noblesville,IN,2023-01-01T00:08:29Z,2025-04-29T20:14:22.000Z
PUY,22243,Puyallup,WA,2020-12-19T01:07:00.000Z,2025-04-29T02:47:00.000Z
RKH,22121,Rock Hill,SC,2021-04-16T00:53:00.000Z,2025-04-29T21:43:57.793Z
NVS,22120,North Las Vegas,NV,2022-09-18T00:24:00Z,2025-04-30T12:31:01.000Z
DAN,21139,Danville,VA,2020-01-06T00:28:00.000Z,2025-03-19T14:11:33.000Z
CZOR,21091,Sarasota County,FL,2024-11-17T13:01:00.000Z,2025-05-01T20:32:00.000Z
CAE,20988,Columbia,SC,2021-04-16T01:49:00.000Z,2025-04-10T19:20:00.000Z
CVS,20637,Clovis,CA,2021-08-06T22:38:00.000Z,2025-04-28T23:33:00.000Z
LXA,20571,Lenexa,KS,2020-01-04T01:12:00.000Z,2025-04-29T01:59:00.000Z
CJFN,20516,Jefferson County,OH,2021-05-15T21:57:00.000Z,2025-03-22T02:41:00.000Z
CMNK,19790,Berkeley County,SC,2021-04-16T02:00:00.000Z,2025-04-28T22:43:00.000Z
CA-ABB,19662, Abbotsford,BC,2021-11-30T07:00:00Z,2025-04-29T05:30:00.000Z
LYH,19440,Lynchburg,VA,2020-01-06T09:20:00.000Z,2025-04-07T12:00:00.000Z
MYS,19416,Marysville,WA,2020-12-19T03:00:00.000Z,2025-04-28T18:20:00.000Z
LYF,19382,Lynnwood,WA,2020-12-19T00:12:00.000Z,2025-04-28T19:45:00.000Z
SBA,19376,Santa Barbara,CA,2022-01-01T00:00:00Z,2025-04-28T12:50:00.000Z
MZJ,19287,Marana,AZ,2022-01-01T00:14:00Z,2025-04-28T22:05:00.000Z
GSO,19003,Greensboro-High Point Apt,NC,2022-01-01T08:00:00Z,2025-04-29T12:00:00.000Z
AMA,18753,Amarillo,TX,2022-01-01T00:00:00Z,2025-04-28T21:22:00.000Z
SCZ,18702,Santa Clara,CA,2020-11-29T07:49:00.000Z,2025-04-28T16:21:00.000Z
CNVB,18665,Hamilton County,IN,2023-01-01T03:22:17Z,2025-04-29T19:27:30.000Z
BZY,18634,Blue Springs,MO,2020-01-05T02:22:00.000Z,2025-04-29T13:50:00.000Z
WFI,18546,Westfield,IN,2023-01-01T00:03:10Z,2025-04-29T20:09:16.000Z
P2P,18485,Pembroke Pines,FL,2020-02-24T08:00:00.000Z,2025-04-29T15:37:00.000Z
GRI,18408,Grand Island,NE,2021-04-16T00:03:00Z,2025-04-29T17:02:15.000Z
TUK,18373,Tukwila,WA,2020-12-19T05:31:00.000Z,2025-03-01T22:24:00.000Z
OEU,18364,Orem,UT,2019-08-29T09:08:17.000Z,2025-04-29T16:15:23.000Z
SKE,18184,Shakopee,MN,2021-04-16T01:56:00.000Z,2025-04-29T08:16:00.000Z
ILM,18179,Wilmington,NC,2024-04-24T17:41:00.000Z,2025-04-20T22:00:00.000Z
HMT,18031,Hemet,CA,2020-11-29T09:00:00.000Z,2025-04-28T20:55:00.000Z
DLS,17616,The Dalles,OR,2021-04-16T00:06:00.000Z,2025-04-28T22:34:00.000Z
CSTP,17436,Ramsey County,MN,2021-04-16T14:42:00.000Z,2025-04-08T20:19:00.000Z
CSLE,16943,Marion County,OR,2021-04-16T13:22:00.000Z,2025-04-28T19:15:00.000Z
SHC,16714,Shawnee,KS,2020-01-04T00:00:00.000Z,2025-04-27T23:40:00.000Z
TWLIA,16578,Miami Township,OH,2020-03-07T03:54:00.000Z,2025-01-31T22:20:00.000Z
CA-NIA,16575,Niagara,ON,2021-11-30T09:33:00Z,2025-04-27T23:28:00.000Z
EMZ,16307,El Mirage,AZ,2021-01-29T17:55:00.000Z,2025-04-29T16:28:12.000Z
SLZ,16164,Saint Louis Park,MN,2021-04-16T02:47:00.000Z,2025-03-24T20:16:00.000Z
SNN,15837,Sunnyvale,CA,2020-11-29T01:35:00.000Z,2025-04-25T15:26:00.000Z
AEU,15562,Hamden,CT,2021-04-16T03:10:00.000Z,2025-04-27T22:12:00.000Z
IPM,15302,Independence,MO,2020-12-19T01:28:00.000Z,2025-04-29T02:15:00.000Z
VCT,15284,Victoria,TX,2020-01-01T00:05:00.000Z,2025-04-28T04:38:00.000Z
RYG,15115,Reynoldsburg,OH,2020-03-07T03:44:00.000Z,2025-04-28T22:29:00.000Z
CFDK,15017,Frederick County,MD,2020-12-20T11:48:00.000Z,2025-01-08T23:15:00.000Z
SYR,14759,Syracuse,NY,2021-01-22T06:30:00.000Z,2024-12-31T23:30:00.000Z
SUW,14502,Superior,WI,2021-04-16T07:50:00.000Z,2025-04-15T03:54:34.000Z
GXY,14481,Greeley,CO,2020-12-19T00:22:00.000Z,2025-04-23T06:38:00.000Z
ANA,14409,Anaheim,CA,2024-06-17T00:00:00.000Z,2025-04-29T17:27:01.000Z
SBN,14385,South Bend,IN,2023-01-01T01:26:00Z,2025-04-24T08:59:29.000Z
XMG,14365,Maple Grove,MN,2021-04-16T00:26:00.000Z,2025-04-27T22:07:00.000Z
CSGF,14234,Greene County,MO,2020-12-20T20:28:00.000Z,2025-03-25T12:18:00.000Z
HZW,14192,Hazelwood,MO,2023-10-27T01:58:40Z,2025-04-29T22:45:29.000Z
CDAY,14178,Montgomery County,OH,2020-03-07T00:00:00.000Z,2025-04-28T18:55:00.000Z
SRF,13962,San Rafael,CA,2019-07-21T00:00:00.000Z,2025-03-10T23:07:00.000Z
RIN,13731,Richardson,TX,2022-01-01T00:00:00Z,2025-04-29T14:00:00.000Z
PBI,13728,West Palm Beach ,FL,2020-02-24T00:00:00.000Z,2025-04-28T16:50:14.000Z
BAT,13681,Barberton,OH,2020-03-07T03:20:00.000Z,2025-04-28T22:03:00.000Z
NHB,13565,New Braunfels,TX,2020-01-04T05:30:00.000Z,2025-04-29T18:41:44.000Z
CPJ,13231,Coral Springs,FL,2020-02-24T00:00:00.000Z,2025-04-28T18:49:00.000Z
SGR,12784,Sugar Land,TX,2020-01-01T00:00:00.000Z,2025-03-19T01:29:00.000Z
CMHK,12698,Riley County,KS,2020-01-05T02:18:00.000Z,2025-04-23T22:26:00.000Z
BJC,12651,Broomfield,CO,2020-12-19T01:37:00.000Z,2025-04-14T12:25:00.000Z
CVAN,12644,Clark County,WA,2020-12-19T05:54:00.000Z,2025-04-27T02:30:00.000Z
DDX,12362,Addison,TX,2020-01-01T00:00:00.000Z,2025-04-28T16:19:00.000Z
GYR,12270,Goodyear,AZ,2020-12-20T13:10:00.000Z,2025-04-28T00:00:00.000Z
AUG,12154,Augusta,ME,2021-04-16T08:00:00Z,2025-04-28T18:15:00.000Z
SPE,12112,Sun Prairie,WI,2021-04-16T00:15:00.000Z,2025-04-28T21:33:00.000Z
BXK,12083,Buckeye,AZ,2020-12-20T16:40:00.000Z,2025-04-28T23:32:00.000Z
FDK,11972,Frederick,MD,2022-01-01T00:15:00Z,2024-12-29T21:35:00.000Z
ZMG,11970,Miami Gardens,FL,2020-02-24T00:00:00.000Z,2025-04-29T13:14:00.000Z
CFLH,11782,Franklin County,OH,2022-01-01T00:02:00Z,2025-04-28T10:01:51.000Z
RBC,11760,Riviera Beach,FL,2020-02-24T01:59:00.000Z,2025-04-27T22:34:00.000Z
COLB,11732,Johnson County,KS,2020-01-04T01:20:00.000Z,2025-04-28T17:27:00.000Z
OZ2,11317,Englewood,OH,2021-05-15T15:30:00.000Z,2025-03-20T21:07:07.000Z
APJ,11199,Apache Junction,AZ,2020-12-24T09:51:00.000Z,2025-04-28T23:37:00.000Z
ARK,11037,Arkansas City,KS,2020-01-04T01:47:00.000Z,2025-04-29T12:12:00.000Z
FBX,11033,Farmers Branch,TX,2020-01-01T01:11:00.000Z,2025-03-21T07:10:00.000Z
TWPOH,10988,Jackson Township,OH,2022-01-01T00:01:00Z,2025-03-30T19:58:00.000Z
LTO,10913,Littleton,CO,2020-12-19T09:41:00.000Z,2025-04-28T07:44:16.893Z
GAH,10873,Gahanna,OH,2020-03-07T16:20:00.000Z,2025-04-29T16:41:00.000Z
CCSK,10706,Douglas County,CO,2020-12-19T00:00:00.000Z,2025-04-27T23:13:00.000Z
INT,10517,Winston-Salem,NC,2024-10-29T00:58:00.000Z,2025-04-29T20:13:01.000Z
XFS,10513,Gastonia,NC,2021-04-16T02:00:00.000Z,2025-04-28T11:45:00.000Z
MAE,10306,Madera,CA,2020-11-29T00:43:00.000Z,2025-03-25T14:12:00.000Z
CMNR,10204,Union County,NC,2021-04-16T00:02:00.000Z,2025-04-09T21:22:01.000Z
SPI,10118,Springfield,IL,2022-01-01T00:00:00Z,2025-01-23T23:07:00.000Z
9BH,9999,Brookhaven,GA,2021-04-16T11:35:00.000Z,2025-04-29T13:10:59.000Z
CYKW,9918,York County,VA,2022-10-13T00:00:00Z,2025-04-29T18:20:00.000Z
XJK,9805,Mooresville,NC,2021-04-16T00:01:00.000Z,2025-04-28T04:27:00.000Z
CCMH,9698,Franklin County,OH,2020-03-07T00:40:00.000Z,2025-01-31T14:20:00.000Z
CLE,9516,Cleveland,OH,2021-08-20T13:00:00.000Z,2025-04-27T04:00:00.000Z
EOW,9497,Edmonds,WA,2020-12-19T01:07:00.000Z,2025-04-28T20:12:00.000Z
PKE,9492,Prior Lake,MN,2021-04-16T02:16:00.000Z,2025-04-29T06:23:00.000Z
ZOR,9386,Sarasota,FL,2024-11-17T13:12:00.000Z,2025-05-01T20:33:00.000Z
XCZ,9355,Belton,TX,2020-01-01T01:34:00.000Z,2025-04-27T15:33:00.000Z
ZKR,9298,Parker,CO,2021-03-20T01:30:00.000Z,2025-04-27T13:28:00.000Z
GV4,9274,Greenwood Village,CO,2020-12-19T08:00:00.000Z,2025-04-27T00:21:46.000Z
BUN,9236,Buena Park,CA,2020-11-29T00:34:00.000Z,2025-03-22T08:37:00.000Z
FOU,9206,Folsom,CA,2021-04-16T00:00:00.000Z,2025-04-29T03:12:00.000Z
PMG,8990,Palm Beach Gardens,FL,2020-02-24T03:30:00.000Z,2025-04-27T20:03:59.000Z
FDU,8968,Fridley,MN,2021-04-16T00:31:00.000Z,2025-04-25T00:00:00.000Z
LTX,8826,Lancaster,TX,2020-01-01T03:00:00.000Z,2025-03-02T15:05:00.000Z
HHR,8773,Hawthorne,CA,2020-11-29T15:14:00.000Z,2025-04-29T01:48:00.000Z
GRZ,8761,Griffin,GA,2021-04-16T06:59:00.000Z,2025-04-26T19:48:00.000Z
WCB,8757,West Columbia,SC,2021-04-16T04:50:00.000Z,2025-04-28T16:20:00.000Z
GAI,8668,Gaithersburg,MD,2020-12-19T12:00:00.000Z,2025-04-28T01:57:45.000Z
GNC,8619,Garner,NC,2021-04-16T09:49:00.000Z,2025-04-22T01:21:00.000Z
KNP,8573,Kannapolis,NC,2024-04-21T01:03:00.000Z,2025-04-21T16:08:00.000Z
BYO,8540,Burnsville,MN,2021-04-16T06:53:00.000Z,2025-04-24T12:27:00.000Z
CWLG,8485,James City County,VA,2020-01-06T12:45:00.000Z,2025-03-19T19:36:59.000Z
CA-KIN,8422,Kingston,ON,2021-11-30T07:27:29Z,2025-01-03T21:14:35.000Z
KTR,8404,Kettering,OH,2020-03-07T00:01:00.000Z,2025-04-28T01:36:50.000Z
MKA,8387,Minnetonka,MN,2021-04-16T00:56:00.000Z,2025-04-29T13:43:00.000Z
CUST,8383,St. Johns County,FL,2020-02-24T00:00:00.000Z,2025-04-29T11:51:45.000Z
CA-DEL,8360, Delta,BC,2021-11-30T11:34:00Z,2025-04-29T03:53:00.000Z
BFS,8264,Bristol,VA,2020-01-06T10:54:00.000Z,2025-04-28T21:29:00.000Z
JMH,8218,Schaumburg,IL,2021-06-09T00:00:00.000Z,2025-04-27T19:26:00.000Z
AAH,8196,Covington,TN,2021-04-30T09:15:00.000Z,2025-03-21T11:26:00.000Z
SLG,8081,Siloam Springs,AR,2021-04-16T08:07:00.000Z,2025-04-28T10:40:00.000Z
PVP,8064,Palos Verdes,CA,2023-01-03T04:40:38Z,2025-04-29T02:34:21.000Z
WKZ,7970,West Covina,CA,2022-05-01T00:37:00Z,2025-04-28T14:06:00.000Z
XGS,7897,Huntersville,NC,2021-01-26T08:00:00.000Z,2025-04-27T03:02:00.000Z
PGL,7787,Pascagoula,MS,2022-01-01T00:36:45Z,2025-04-29T20:10:31.000Z
RKV,7762,Rockville,MD,2020-12-19T08:00:00.000Z,2025-04-28T12:46:00.000Z
CXFS,7714,Gaston County,NC,2021-08-15T10:00:00.000Z,2025-04-28T10:47:00.000Z
AZZ,7703,Arlington,WA,2020-12-19T01:00:00.000Z,2025-04-29T00:24:00.000Z
TTL,7631,Whitehall,OH,2020-03-08T09:00:00.000Z,2025-04-28T17:00:00.000Z
RCM,7606,Richfield,MN,2021-04-16T03:07:00.000Z,2025-05-02T23:58:00.000Z
LCJ,7376,Long Branch,NJ,2019-12-31T00:00:00.000Z,2025-04-28T16:29:00.000Z
BCY,7374,Bay City,MI,2021-06-23T00:00:00.000Z,2025-04-28T17:48:00.000Z
CAPC,7341,Napa County,CA,2019-11-12T13:00:00.000Z,2025-04-29T11:02:00.000Z
CGRZ,7240,Spalding County,GA,2021-04-16T12:00:00.000Z,2025-04-26T21:55:00.000Z
SQU,7228,Seguin,TX,2020-01-03T17:07:00.000Z,2025-04-27T14:36:00.000Z
CASR,7113,Randolph County,NC,2021-04-18T09:07:00.000Z,2025-04-29T00:00:00.000Z
JPT,7039,Jupiter,FL,2020-02-24T01:25:00.000Z,2025-03-21T23:31:59.000Z
FUV,7003,Fuquay-Varina,NC,2021-04-16T13:38:00.000Z,2025-04-28T19:39:00.000Z
FFS,6924,Fife,WA,2020-12-19T02:50:00.000Z,2025-04-28T09:12:00.000Z
EWN,6847,New Bern,NC,2021-04-16T09:42:00.000Z,2025-03-23T01:03:00.000Z
XLY,6750,Savage,MN,2021-04-16T09:18:00.000Z,2025-04-29T11:02:00.000Z
XLC,6746,Redmond,Not found,2023-05-15T12:49:35.000Z,2025-04-30T15:19:08.000Z
WHR,6691,Whittier,CA,2022-05-14T19:20:01Z,2025-04-29T08:11:00.000Z
LWK,6516,Leawood,KS,2020-01-06T01:51:00.000Z,2025-04-25T09:59:00.000Z
MC5,6500,Missouri City,TX,2020-01-01T00:30:00.000Z,2025-03-20T19:01:59.000Z
BNE,6485,Blaine,MN,2021-04-16T00:00:00.000Z,2025-04-26T22:00:00.000Z
WTY,6394,Westerville,OH,2020-03-07T02:17:00.000Z,2024-12-14T12:20:00.000Z
CTU,6389,Citrus Heights,CA,2020-11-29T14:00:00.000Z,2025-04-28T18:57:00.000Z
EOD,6302,Edmond,OK,2020-03-01T00:00:00.000Z,2025-04-27T22:35:00.000Z
TWCVG,6244,Green Township,OH,2022-01-02T11:50:00Z,2025-04-26T16:24:00.000Z
CYQ,6235,Cypress,CA,2020-11-29T09:21:00.000Z,2025-04-28T08:32:00.000Z
QCK,6036,Queen Creek,AZ,2022-10-15T00:00:00Z,2025-04-24T09:17:00.000Z
LVV,6034,La Vergne,TN,2022-01-01T00:00:00Z,2025-04-28T23:58:40.000Z
RFH,5963,Rohnert Park,CA,2019-12-24T01:28:00.000Z,2025-04-26T08:45:00.000Z
OKR,5927,Oak Ridge,TN,2021-04-16T03:20:00.000Z,2025-03-06T05:24:36.000Z
MDW,5824,Middleton,WI,2021-04-16T05:21:00.000Z,2025-04-28T21:12:00.000Z
LNG,5778,Longmont,CO,2020-12-19T18:44:00.000Z,2025-04-27T00:35:00.000Z
BQE,5777,Brea,CA,2020-11-29T04:11:00.000Z,2025-04-28T17:42:00.000Z
XCX,5670,Brooklyn Center,MN,2021-04-16T05:00:00.000Z,2025-04-28T22:55:00.000Z
GHZ,5577,Garfield Heights,OH,2021-08-05T07:01:00.000Z,2025-04-28T15:11:00.000Z
MOW,5417,Monroe,WA,2020-12-19T09:00:00.000Z,2025-04-23T18:59:00.000Z
EGK,5415,Elk Grove,CA,2022-10-21T16:00:00Z,2025-04-22T05:00:00.000Z
WPK,5292,Winter Park,FL,2020-02-24T08:00:00.000Z,2025-04-28T01:58:00.000Z
HEC,5289,Hermosa Beach,CA,2020-11-29T02:36:00.000Z,2025-04-28T05:32:54.000Z
CAND,5257,Anderson County,SC,2024-10-29T03:46:00.000Z,2025-04-30T09:10:00.000Z
CGVC,5256,Licking County,OH,2022-01-01T00:31:00Z,2025-04-24T08:15:00.000Z
JGC,5238,Grove City,OH,2021-09-05T02:00:00.000Z,2025-01-31T15:02:00.000Z
XKF,5235,Othello,WA,2020-12-19T00:48:00.000Z,2025-04-28T22:51:17.000Z
BJJ,5206,Wooster,OH,2020-03-07T01:51:00.000Z,2025-03-02T23:44:00.000Z
WDH,5202,Wadsworth,OH,2020-03-07T06:22:00.000Z,2025-03-25T17:45:00.000Z
JLM,5160,Arcadia,IN,2023-01-02T06:27:18Z,2025-04-29T15:42:38.000Z
ANK,5159,Anoka,MN,2021-04-16T02:25:00.000Z,2025-04-27T12:06:13.000Z
NOT,5147,Novato,CA,2019-07-21T04:45:00.000Z,2025-04-19T12:25:00.000Z
WYH,5147,Wylie,TX,2020-01-01T05:20:00.000Z,2025-04-27T03:15:00.000Z
EQ4,5092,East Lansing,MI,2019-06-06T03:00:00.000Z,2025-04-28T22:55:00.000Z
ZIV,5077,Takoma Park,MD,2020-12-19T09:51:00.000Z,2025-04-27T14:35:00.000Z
CCHS,5059,Charleston County,SC,2021-04-16T08:12:00.000Z,2025-04-27T22:47:00.000Z
XJI,5024,Mountlake Terrace,WA,2020-12-19T02:00:00.000Z,2025-04-28T19:04:00.000Z
JFV,5019,Jeffersonville,IN,2021-06-09T04:45:00.000Z,2025-04-27T22:06:00.000Z
MWL,4982,Mineral Wells,TX,2020-01-01T12:13:00.000Z,2025-04-29T14:34:31.000Z
VCR,4950,Beavercreek,OH,2020-03-08T04:09:00.000Z,2025-02-15T17:42:00.000Z
EVT,4881,Everett,MA,2021-04-20T14:08:00.000Z,2025-04-27T18:32:00.000Z
LVA,4861,Lakeville,MN,2021-04-16T21:59:00.000Z,2025-04-29T15:10:00.000Z
CCQR,4860,Carroll County,OH,2021-06-26T20:00:00.000Z,2025-03-22T18:09:00.000Z
CBUX,4852,Clermont County,OH,2021-05-15T06:00:00.000Z,2025-04-28T10:11:00.000Z
AUE,4697,Auburn,ME,2021-10-18T02:00:00Z,2025-03-20T23:21:00.000Z
UUP,4638,University Place,WA,2022-01-01T00:00:00Z,2025-04-28T02:00:00.000Z
MUA,4540,Matthews,NC,2021-04-16T17:25:00.000Z,2025-01-28T06:00:00.000Z
RU2,4529,Republic,MO,2020-12-23T12:30:00.000Z,2025-03-25T10:25:00.000Z
CHK,4517,Chickasha ,OK,2020-03-01T00:00:00.000Z,2025-04-26T21:57:11.000Z
CXCZ,4504,Bell County,TX,2020-01-01T13:00:00.000Z,2025-04-28T16:26:00.000Z
FDY,4490,Findlay,OH,2021-05-15T02:15:00.000Z,2025-01-31T21:35:00.000Z
GQZ,4422,Bonney Lake,WA,2020-12-19T00:00:00.000Z,2025-04-28T22:30:00.000Z
CFLG,4397,Coconino County,AZ,2021-01-29T15:06:00.000Z,2025-03-04T10:20:00.000Z
CCOS,4382,El Paso County,CO,2020-12-21T21:00:00.000Z,2025-04-29T10:22:00.000Z
WLY,4315,West Lafayette,IN,2023-01-01T03:16:00Z,2025-04-29T02:38:00.000Z
CECG,4261,Currituck County,NC,2022-01-01T01:12:00Z,2025-04-27T06:27:00.000Z
CDEL,4186,Delaware County,OH,2020-03-07T17:00:00.000Z,2025-04-29T11:10:00.000Z
CGBO,4182,Guilford County,NC,2020-12-19T21:20:00.000Z,2025-04-27T00:10:00.000Z
TWHAR,4178,Swatara Township,PA,2022-01-01T00:00:00Z,2025-03-23T16:12:00.000Z
BFC,4164,Branford,CT,2021-04-16T20:09:00.000Z,2025-04-28T10:15:00.000Z
CRR,4163,Carrollton,GA,2023-01-01T01:50:00Z,2025-04-28T22:30:00.000Z
DUO,4161,Dublin,OH,2020-03-07T17:52:00.000Z,2025-03-18T12:15:00.000Z
CFV,4153,Coffeyville,KS,2020-01-04T20:30:00.000Z,2025-04-28T18:45:00.000Z
MRE,4153,Moraine,OH,2020-03-07T01:26:00.000Z,2025-04-28T20:06:00.000Z
PMH,4107,Portsmouth,OH,2021-06-09T06:40:00.000Z,2025-03-03T02:56:00.000Z
CSKE,4097,Scott County,MN,2021-04-16T08:03:00.000Z,2025-04-28T17:07:00.000Z
PUM,4053,Petaluma,CA,2019-07-21T08:12:00.000Z,2025-04-27T12:58:54.000Z
TWUOO,4029,Union Township,OH,2022-01-01T11:59:00Z,2025-03-25T20:43:00.000Z
LLU,4021,Los Lunas,NM,2021-04-16T18:45:00Z,2025-04-28T18:34:00.000Z
UPQ,3997,Upper Arlington,OH,2020-03-07T06:24:00.000Z,2025-04-28T00:45:00.000Z
IMO,3962,Monona,WI,2021-04-16T00:09:00.000Z,2025-04-28T19:43:00.000Z
VYV,3960,Mill Valley,CA,2019-07-23T14:22:00.000Z,2025-04-28T17:03:00.000Z
XHF,3944,Kirkland,WA,2023-08-23T12:00:01Z,2025-04-27T18:06:01.000Z
ACO,3863,Alcoa,TN,2021-04-16T04:05:00.000Z,2025-03-08T19:56:47.000Z
UBQ,3858,Columbia Heights,MN,2021-04-16T12:00:00.000Z,2025-04-27T22:44:11.000Z
CCDN,3852,Kershaw County,SC,2021-07-14T19:12:00.000Z,2025-04-29T09:00:00.000Z
L9K,3783,Longboat Key,FL,2024-11-17T14:58:00.000Z,2025-05-01T20:27:00.000Z
CSAN,3714,San Diego County,CA,2023-08-25T03:14:00Z,2025-03-15T22:52:01.000Z
HGR,3694,Hagerstown,MD,2021-04-30T01:00:00.000Z,2025-04-28T03:30:00.000Z
YSA,3653,Crystal,MN,2021-07-28T13:00:00.000Z,2025-04-28T15:33:00.000Z
QSK,3632,Saco,ME,2021-04-16T10:59:00Z,2025-04-28T04:20:00.000Z
OLQ,3627,Tolleson,AZ,2020-12-20T10:31:00.000Z,2025-04-15T09:45:00.000Z
TQZ,3625,Troy,TX,2020-01-03T13:10:00.000Z,2025-04-06T20:00:00.000Z
ALD,3615,Ashland,VA,2020-01-09T18:00:00.000Z,2025-04-28T02:00:00.000Z
WEQ,3578,West Allis,WI,2021-04-16T00:00:00.000Z,2025-04-28T11:48:00.000Z
MKI,3536,Mukilteo,WA,2020-12-19T09:58:00.000Z,2025-04-27T11:22:00.000Z
QTS,3479,Englewood,CO,2020-12-20T02:43:00.000Z,2025-04-27T09:16:57.000Z
CLIX,3455,Polk County,TX,2020-01-16T00:00:00.000Z,2025-03-19T18:00:00.000Z
MBN,3403,Mebane,NC,2020-12-19T19:00:00.000Z,2025-04-28T13:15:00.000Z
KSW,3399,Kennesaw,GA,2021-04-16T02:59:00.000Z,2025-04-29T18:43:33.000Z
MTV,3389,Martinsville,VA,2020-01-06T00:05:00.000Z,2025-04-27T16:00:00.000Z
CYUL,3336,Nassau County,FL,2022-01-01T00:00:00Z,2025-04-22T02:00:00.000Z
BLN,3309,Belen,NM,2021-04-16T12:45:00Z,2025-04-28T00:00:00.000Z
CCLM,3275,Clallam County,WA,2021-06-09T17:11:00.000Z,2025-04-26T15:50:00.000Z
EUC,3244,Euclid,OH,2022-01-01T01:27:00Z,2025-01-30T18:27:00.000Z
UFO,3233,Downers Grove,IL,2022-01-01T11:30:00Z,2025-04-26T17:05:00.000Z
M8I,3201,Milton,WI,2021-04-16T17:54:00.000Z,2025-03-22T01:53:00.000Z
SLN,3185,Salina,KS,2020-01-05T09:45:00.000Z,2025-02-08T16:45:00.000Z
XZM,3169,Morrisville,NC,2021-04-16T00:45:00.000Z,2025-03-19T00:00:00.000Z
FIB,3141,Fitchburg,WI,2021-04-17T19:13:00.000Z,2025-04-28T10:09:00.000Z
MKW,3126,Mill Creek,WA,2020-12-19T13:00:00.000Z,2025-04-28T03:18:00.000Z
WLD,3058,Winfield,KS,2022-01-01T00:07:00Z,2025-04-29T15:07:35.000Z
XMH,3058,Sumner,WA,2020-12-19T19:00:00.000Z,2025-04-29T03:40:00.000Z
CCYR,3000,Rockdale County,GA,2023-01-01T04:00:00Z,2025-04-28T18:15:00.000Z
HEV,2974,Hendersonville,NC,2021-04-16T13:25:00.000Z,2025-04-28T19:56:00.000Z
QHT,2958,Huber Heights,OH,2021-05-16T12:00:00.000Z,2025-01-30T23:00:00.000Z
YKN,2890,Yankton,SD,2021-04-16T11:35:00Z,2025-04-27T23:26:00.000Z
C90,2862,Cicero,IN,2023-01-01T00:27:04Z,2025-04-29T17:34:04.000Z
SRW,2828,Salisbury,NC,2024-04-21T00:00:00.000Z,2025-04-21T11:51:00.000Z
TYT,2806,Taylor,TX,2020-01-01T16:55:00.000Z,2025-03-13T16:37:00.000Z
NKY,2800,North Kansas City,MO,2021-09-28T20:05:00.000Z,2025-03-16T23:19:00.000Z
WLA,2766,Willard,OH,2020-03-07T22:24:00.000Z,2025-04-28T18:03:28.000Z
C4GA,2757,Banks County,GA,2021-04-16T00:00:00.000Z,2025-04-28T00:00:00.000Z
OR9,2746,Oregon,WI,2021-04-22T06:00:00.000Z,2025-01-29T11:31:00.000Z
JMC,2737,Sausalito,CA,2019-07-22T15:52:00.000Z,2025-04-28T17:06:00.000Z
HPO,2725,Hopkins,MN,2021-04-16T12:05:00.000Z,2025-04-28T23:34:00.000Z
HPK,2692,Hanover Park,IL,2022-01-01T12:50:00Z,2025-04-26T06:06:00.000Z
LS2,2691,Lake Stevens,WA,2020-12-19T15:22:00.000Z,2025-04-27T20:41:00.000Z
SD9,2680,Sheridan,IN,2023-01-01T05:00:27Z,2025-04-29T19:32:42.000Z
WHG,2646,Whiting,IN,2019-12-10T20:00:00.000Z,2025-03-26T10:56:00.000Z
FBL,2642,Faribault,MN,2022-01-01T01:28:00Z,2025-04-28T19:56:00.000Z
CBSD,2635,Haywood County,TN,2021-05-03T13:30:00.000Z,2025-04-26T02:29:00.000Z
HPR,2623,Hope,AR,2021-04-16T17:40:00.000Z,2025-04-29T12:34:00.000Z
WMD,2617,Westminster,MD,2020-12-19T08:56:00.000Z,2025-03-30T19:45:00.000Z
VRA,2593,Verona,WI,2021-04-16T00:03:00.000Z,2025-04-28T14:30:00.000Z
CSK,2591,Castle Rock,CO,2020-12-19T00:00:00.000Z,2025-03-20T14:28:00.000Z
FYN,2559,Fountain,CO,2020-12-31T09:00:00.000Z,2025-04-21T08:35:00.000Z
CTOL,2554,Lucas County,OH,2021-05-15T02:15:00.000Z,2025-01-22T19:37:00.000Z
EWZ,2549,Edgewood,WA,2020-12-19T23:25:00.000Z,2025-04-28T20:05:00.000Z
FKN,2474,Franklin,VA,2020-01-06T13:12:00.000Z,2025-04-27T18:00:00.000Z
OTR,2465,Ottawa,KS,2021-09-19T13:15:00.000Z,2025-04-28T08:24:00.000Z
XOL,2455,Xenia,OH,2022-01-01T16:00:00Z,2025-01-31T19:30:00.000Z
YNG,2423,Youngstown,OH,2020-03-08T03:25:00.000Z,2025-04-26T20:01:00.000Z
LLB,2387,Lino Lakes,MN,2021-04-16T00:01:00.000Z,2025-04-27T12:05:34.000Z
BWO,2379,Bowling Green,OH,2021-05-15T01:50:00.000Z,2025-01-30T14:19:00.000Z
CCIE,2352,Pickaway County,OH,2020-03-26T07:00:00.000Z,2025-01-31T14:20:00.000Z
POZ,2328,Pooler,GA,2023-01-01T00:00:00Z,2025-04-28T12:15:00.000Z
KNI,2320,Knightdale,NC,2024-04-22T17:50:00.000Z,2025-04-20T18:02:00.000Z
OOF,2314,Moore,OK,2020-02-25T09:11:00.000Z,2025-04-26T14:05:24.360Z
THV,2309,York,PA,2025-01-25T12:50:00.000Z,2025-04-28T07:40:00.000Z
KRN,2235,Kernersville,NC,2021-04-16T01:09:00.000Z,2025-04-20T04:11:00.000Z
SNI,2199,Snohomish,WA,2020-12-21T02:00:00.000Z,2025-04-26T21:10:00.000Z
OXS,2173,Osseo,MN,2021-04-16T00:55:00.000Z,2025-02-08T14:22:00.000Z
GVY,2170,Golden Valley,MN,2021-04-16T02:00:00.000Z,2025-04-28T02:30:00.000Z
JN3,2160,"Jordan, Scott",MN,2021-04-16T23:03:00.000Z,2025-04-27T20:02:00.000Z
CSNA,2143,Orange County,CA,2024-06-17T07:11:00.000Z,2025-04-29T10:00:00.000Z
RKS,2113,Rock Springs,WY,2022-01-01T01:00:57Z,2025-04-29T18:17:15.000Z
FBA,2100,Fairborn,OH,2021-06-09T15:00:00.000Z,2024-12-31T00:52:00.000Z
HAR,2077,Harrisburg,PA,2025-01-25T15:32:00.000Z,2025-04-28T04:09:00.000Z
IOP,2060,Isle of Palms,SC,2021-04-16T12:00:00.000Z,2025-04-04T01:22:00.000Z
GHT,2050,Graham,TX,2020-01-01T10:49:00.000Z,2025-04-27T02:00:00.000Z
BSD,2021,Brownsville,TN,2021-04-16T15:00:00.000Z,2024-11-10T21:31:00.000Z
NWP,2018,New Prague,MN,2021-04-16T13:50:00.000Z,2025-04-28T09:17:00.000Z
LFS,1990,Little Falls,MN,2022-01-01T07:56:00Z,2025-04-28T16:28:00.000Z
VGH,1988,Grandview Heights,OH,2020-03-11T00:00:00.000Z,2025-04-14T21:24:59.000Z
SRA,1964,Sauk Rapids,MN,2021-04-16T18:01:00.000Z,2025-04-28T17:10:00.000Z
WOX,1960,Windsor,CA,2020-11-29T10:00:00.000Z,2025-04-25T11:57:41.000Z
FPK,1950,Forest Park,OH,2021-05-15T02:59:00.000Z,2025-03-01T10:09:00.000Z
UFC,1886,Chillicothe,MO,2020-12-20T14:52:00.000Z,2025-01-31T23:47:00.000Z
WCQ,1886,Washington Court House,OH,2020-03-07T02:14:00.000Z,2025-01-30T20:03:00.000Z
NRE,1870,Northfield,MN,2021-04-16T00:35:00.000Z,2025-04-29T05:49:00.000Z
GVV,1855,Green River,WY,2022-01-01T17:00:00Z,2025-04-28T17:55:00.000Z
IAM,1846,Miamisburg,OH,2020-03-07T18:26:00.000Z,2025-04-28T00:24:00.000Z
CWMD,1824,Carroll County,MD,2020-12-19T00:00:00.000Z,2025-04-26T19:00:00.000Z
BP4,1823,Belle Plaine,MN,2021-04-17T15:20:00.000Z,2025-04-28T11:48:00.000Z
MS8,1770,Manitou Springs,CO,2020-12-23T00:00:00.000Z,2025-04-27T23:30:00.000Z
XDD,1767,Burlington,NC,2021-04-16T10:00:00.000Z,2025-04-22T21:33:00.000Z
GCG,1740,Garden City,GA,2023-01-01T00:00:00Z,2025-04-27T02:08:00.000Z
CANK,1709,Anoka County,MN,2021-04-17T17:19:00.000Z,2025-04-28T09:17:16.000Z
XEG,1703,Coon Rapids,MN,2021-04-16T10:36:00.000Z,2025-04-27T23:05:34.000Z
RB7,1694,Robbinsdale,MN,2021-04-16T22:51:00.000Z,2025-04-28T05:33:00.000Z
CLNB,1683,Warren County,OH,2021-05-15T00:00:00.000Z,2025-01-27T13:51:00.000Z
LDI,1670,Lodi,CA,2023-03-18T21:09:00Z,2025-04-26T23:16:00.000Z
CXGR,1659,Dakota County,MN,2021-04-16T12:40:00.000Z,2025-04-23T14:32:00.000Z
CFY2,1610,Benton County,MN,2021-04-17T12:52:00.000Z,2025-04-29T12:29:00.000Z
TWIAM,1595,Miami Township,OH,2022-01-01T02:30:00Z,2025-04-26T22:00:00.000Z
SAY,1563,Stayton,OR,2022-01-01T03:37:00Z,2025-04-24T00:00:00.000Z
XGR,1556,Hastings,MN,2021-04-16T07:40:00.000Z,2025-04-24T13:38:00.000Z
OSJ,1533,Saint Anthony,MN,2021-04-19T12:52:00.000Z,2025-04-27T03:57:00.000Z
S3C,1529,South Euclid,OH,2021-05-15T00:25:00.000Z,2025-01-28T16:10:00.000Z
L8T,1525,Liberty Township,OH,2022-01-01T00:30:00Z,2025-03-01T20:34:00.000Z
CBWO,1524,Wood County,OH,2021-05-15T09:43:00.000Z,2025-01-31T14:50:00.000Z
BXW,1522,Bucyrus,OH,2021-05-15T00:05:00.000Z,2025-01-31T14:26:00.000Z
LIX,1491,Livingston,TX,2021-03-21T12:00:00.000Z,2025-04-28T15:54:00.000Z
MMY,1487,Maumee,OH,2021-08-05T01:25:00.000Z,2025-01-31T23:22:00.000Z
SOY,1481,Sonoma,CA,2019-10-09T16:40:00.000Z,2025-04-26T22:30:00.000Z
SDN,1436,Sidney,OH,2021-05-15T23:30:00.000Z,2024-12-30T18:15:00.000Z
LFC,1431,Lake Forest,CA,2024-06-17T02:33:00.000Z,2025-04-29T16:37:01.000Z
WIC,1430,Wickliffe,OH,2021-05-15T21:56:00.000Z,2025-02-26T17:47:00.000Z
TWMCM,1422,Peters Township,PA,2022-01-04T10:50:00Z,2025-04-25T15:25:00.000Z
DFI,1418,Defiance,OH,2021-05-15T17:25:00.000Z,2025-01-30T01:35:00.000Z
XGT,1418,Heath,OH,2021-05-15T03:45:00.000Z,2025-01-26T17:24:00.000Z
TWHEL,1398,Lower Saucon Township,PA,2022-01-03T11:22:00Z,2025-04-28T16:32:00.000Z
BRU,1396,Battle Ground,WA,2020-12-19T14:16:00.000Z,2025-04-28T22:13:00.000Z
RMM,1395,Rosemount,MN,2021-04-16T21:17:00.000Z,2025-04-23T16:01:00.000Z
FZT,1378,Fircrest,WA,2020-12-19T17:00:00.000Z,2025-04-28T21:00:00.000Z
XTN,1371,Tiburon,CA,2019-07-24T15:20:00.000Z,2025-03-22T00:31:00.000Z
MDG,1365,Mendota Heights,MN,2021-04-16T10:21:00.000Z,2025-04-14T12:55:00.000Z
CHHX,1359,Highland County,OH,2021-05-15T00:58:00.000Z,2025-01-31T17:11:00.000Z
CIHV,1339,Wayne County,OH,2022-01-01T00:07:00Z,2025-01-31T08:53:00.000Z
PUP,1333,Dupont,WA,2020-12-19T12:00:00.000Z,2025-04-25T10:16:00.000Z
SAE,1333,Salem,OH,2021-05-16T18:12:00.000Z,2025-03-02T19:16:00.000Z
TBH,1332,Atlantic Beach,NC,2021-05-02T10:49:00.000Z,2025-04-28T17:26:00.000Z
PWN,1324,Port Wentworth,GA,2023-01-01T21:56:00Z,2025-04-28T16:12:00.000Z
CWCQ,1306,Fayette County,OH,2021-05-15T13:40:00.000Z,2025-01-31T12:00:00.000Z
MJI,1273,Mission Viejo,CA,2024-06-17T09:28:00.000Z,2025-04-29T12:15:01.000Z
QNS,1262,Ramsey,MN,2021-04-16T08:28:00.000Z,2025-04-24T23:45:00.000Z
MNN,1257,Marion,OH,2022-01-23T13:46:00Z,2025-01-31T14:50:00.000Z
WXG,1250,Washougal,WA,2020-12-19T17:05:00.000Z,2025-04-23T16:11:00.000Z
VNW,1242,Van Wert,OH,2021-06-09T10:40:00.000Z,2024-12-31T01:22:00.000Z
NP3,1237,North Providence,RI,2021-04-18T14:14:00Z,2025-04-29T21:14:00.000Z
CVK,1234,Covington,KY,2021-04-16T14:02:00.000Z,2025-04-26T22:41:00.000Z
URO,1222,Urbana,OH,2021-05-15T23:41:00.000Z,2025-01-31T15:00:00.000Z
3BB,1191,Burkburnett,TX,2020-01-01T09:02:00.000Z,2025-04-28T20:47:00.000Z
B2L,1167,Bloomington,IL,2021-04-16T01:38:00.000Z,2024-12-21T22:37:00.000Z
ZBL,1155,Zebulon,NC,2024-04-22T22:45:00.000Z,2025-04-21T05:30:00.000Z
XJF,1141,Massillon,OH,2021-08-05T02:02:00.000Z,2025-01-31T14:20:00.000Z
CTHV,1140,York County,PA,2025-01-25T14:07:00.000Z,2025-04-27T22:01:00.000Z
NLS,1139,Niles,OH,2021-05-15T00:00:00.000Z,2025-01-06T17:20:00.000Z
STI,1132,Stanton,CA,2024-06-17T08:35:00.000Z,2025-04-29T20:23:01.000Z
RNJ,1131,Randleman,NC,2021-04-16T09:24:00.000Z,2025-04-26T00:00:00.000Z
XMO,1127,San Clemente,CA,2024-06-17T06:43:00.000Z,2025-04-29T20:32:01.000Z
CWRN,1123,Trumbull County,OH,2021-05-15T00:57:00.000Z,2024-12-29T15:01:00.000Z
ZBT,1103,Butner,NC,2021-04-19T14:40:00.000Z,2025-04-28T19:18:00.000Z
NDY,1087,Norwood,OH,2021-08-05T10:46:00.000Z,2025-02-27T19:49:00.000Z
XKE,1084,Orting,WA,2020-12-19T08:00:00.000Z,2025-04-27T18:34:00.000Z
SMD,1068,San Marino,CA,2020-11-29T18:39:00.000Z,2025-02-02T15:30:00.000Z
XKQ,1051,Perrysburg,OH,2021-05-15T09:37:00.000Z,2025-01-29T17:29:00.000Z
VEM,1041,Vermillion,SD,2021-06-07T09:48:00Z,2025-04-29T15:15:00.000Z
SNW,1032,Stanwood,WA,2020-12-19T14:49:00.000Z,2025-04-17T10:44:00.000Z
BFN,1024,Bellefontaine,OH,2021-05-15T10:34:00.000Z,2025-03-02T21:42:00.000Z
CMS,1001,Camas,WA,2020-12-19T21:43:00.000Z,2025-04-09T21:04:00.000Z
NBI,987,New Brighton,MN,2024-09-21T00:00:00.000Z,2025-04-12T00:00:00.000Z
CRTT,982,Washington County,OH,2021-09-05T00:00:00.000Z,2025-03-20T14:28:00.000Z
CMRV,972,Union County,OH,2020-03-07T17:00:00.000Z,2024-11-17T18:39:00.000Z
CPHD,970,Tuscarawas County,OH,2021-05-15T14:37:00.000Z,2025-01-28T14:17:00.000Z
QYN,968,Lyndhurst,OH,2021-05-15T00:17:00.000Z,2025-02-25T16:13:00.000Z
SAJ,967,San Juan Capistrano,CA,2024-06-17T14:20:01.000Z,2025-04-30T03:49:00.000Z
ASR,965,Asheboro,NC,2021-04-16T00:12:00.000Z,2025-04-28T00:00:00.000Z
SBI,961,Shelby,OH,2021-05-15T04:15:00.000Z,2025-03-02T19:59:00.000Z
ALH,950,Alhambra,CA,2023-12-13T09:32:23Z,2025-04-28T09:16:55.000Z
BKD,943,Breckenridge,TX,2020-01-01T01:03:00.000Z,2025-02-26T21:35:00.000Z
TWHAO,938,Fairfield Township,OH,2022-01-01T00:00:00Z,2025-03-02T16:50:00.000Z
SOO,925,Solon,OH,2021-05-15T04:49:00.000Z,2024-12-26T09:00:00.000Z
TVI,920,Thomasville,GA,2023-01-01T07:00:00Z,2025-04-28T08:17:00.000Z
MQZ,896,Mercer Island,Not found,2023-11-15T16:08:46.000Z,2025-04-28T12:15:32.000Z
IRN,852,Ironton,OH,2021-05-15T02:30:00.000Z,2025-01-28T18:54:00.000Z
NAL,846,Napoleon,OH,2021-05-15T00:01:00.000Z,2025-01-31T00:07:00.000Z
PQH,837,Peachtree City,GA,2024-08-05T13:00:00.000Z,2025-04-28T16:22:00.000Z
LMG,835,Laguna Niguel,CA,2024-06-17T11:42:00.000Z,2025-04-28T21:07:01.000Z
MHK,801,Manhattan,KS,2020-01-18T12:30:00.000Z,2025-04-24T14:30:00.000Z
ULN,770,Sultan,WA,2020-12-19T23:45:00.000Z,2025-04-23T17:00:00.000Z
XJR,764,Norwalk,OH,2021-05-15T16:46:00.000Z,2024-12-29T02:02:00.000Z
CURO,754,Champaign County,OH,2021-05-15T17:49:00.000Z,2025-01-27T09:30:00.000Z
CMDQ,749,Medina County,OH,2021-06-09T16:06:00.000Z,2024-12-31T23:26:00.000Z
RLH,747,Spring Lake Park,MN,2022-06-13T05:51:07Z,2025-04-28T14:21:07.000Z
R3N,735,Orono,MN,2021-04-18T03:08:00.000Z,2025-04-28T09:27:00.000Z
CLM,726,Port Angeles,WA,2021-07-01T19:25:00.000Z,2025-04-06T10:00:00.000Z
NNU,725,"Norton, Summit",OH,2021-12-09T10:27:00.000Z,2025-03-01T16:40:00.000Z
W26,717,Willow Park,TX,2020-01-05T02:56:00.000Z,2025-04-17T23:17:00.000Z
CSDN,711,Shelby County,OH,2021-05-16T16:28:00.000Z,2025-01-31T23:22:00.000Z
UPE,710,Upper Sandusky,OH,2021-05-16T23:18:00.000Z,2025-02-02T15:26:00.000Z
CGMR,701,Alamance County,NC,2020-12-28T10:26:00.000Z,2025-04-28T09:51:00.000Z
YBL,695,Yorba Linda,CA,2024-06-17T06:54:00.000Z,2025-04-30T00:41:00.000Z
CGAP,686,Gallia County,OH,2021-05-16T17:29:00.000Z,2025-01-31T17:14:00.000Z
CASK,668,Ashland County,OH,2021-05-15T01:57:00.000Z,2025-01-31T12:31:00.000Z
UXJ,650,North Canton,OH,2021-05-15T12:00:00.000Z,2024-12-21T10:55:00.000Z
FXO,645,"Fairfax, Hamilton",OH,2021-05-17T17:05:00.000Z,2025-03-02T20:44:00.000Z
COCQ,637,Oconto County,WI,2022-01-01T19:31:28Z,2025-02-04T17:02:58.000Z
NVX,630,Nolanville,TX,2020-01-04T01:04:00.000Z,2025-04-13T00:38:00.000Z
PCN,630,Port Clinton,OH,2021-06-01T14:11:00.000Z,2025-03-03T00:10:00.000Z
IVV,628,Inver Grove Heights,MN,2021-04-29T13:39:00.000Z,2025-04-17T19:06:00.000Z
RLF,626,Ridgefield,WA,2020-12-21T08:16:00.000Z,2025-04-12T22:36:00.000Z
LHI,620,Laguna Hills,CA,2024-06-17T20:49:01.000Z,2025-04-28T15:12:01.000Z
MU8,617,Murphy,TX,2020-01-15T11:45:00.000Z,2025-01-12T13:36:00.000Z
MYM,607,Mount Airy,MD,2020-12-22T14:02:00.000Z,2025-04-27T20:26:00.000Z
AXV,602,Wapakoneta,OH,2021-05-16T00:01:00.000Z,2025-01-29T16:07:00.000Z
CVNW,602,Van Wert County,OH,2021-05-18T12:00:00.000Z,2025-01-31T08:00:00.000Z
AVJ,589,Aliso Viejo,CA,2024-06-17T09:48:00.000Z,2025-04-29T19:32:01.000Z
MMP,581,Montpelier,OH,2021-05-15T14:24:00.000Z,2025-01-31T13:48:00.000Z
PBN,578,North Palm Beach,FL,2020-02-26T01:30:00.000Z,2025-03-16T00:37:59.000Z
ZAH,574,Amherst,OH,2021-05-15T17:46:00.000Z,2025-01-30T00:21:00.000Z
CGOE,569,Jefferson County,CO,2022-05-24T04:37:00Z,2025-04-29T03:42:00.000Z
NC4,569,North College Hill,OH,2021-05-15T21:04:00.000Z,2024-12-30T08:59:00.000Z
DPT,565,Dana Point,CA,2024-06-17T13:16:01.000Z,2025-04-29T18:54:01.000Z
ER2,565,Elk River,MN,2021-04-16T13:27:00.000Z,2025-04-26T02:24:33.000Z
YWZ,562,Wayzata,MN,2021-04-16T11:59:00.000Z,2025-04-27T11:25:00.000Z
8RE,560,Milton,WA,2020-12-20T15:39:00.000Z,2025-04-26T18:00:00.000Z
E5T,550,Elko New Market,MN,2021-04-17T07:30:00.000Z,2025-04-28T09:28:00.000Z
ATO,546,Athens,OH,2022-01-01T06:34:00Z,2025-01-28T12:00:00.000Z
TWB44,534,Sugarcreek Township,OH,2022-01-05T00:56:00Z,2025-01-31T08:37:00.000Z
GFS,530,Granite Falls,WA,2020-12-20T10:35:00.000Z,2025-04-01T20:00:00.000Z
M3H,523,Mayfield Heights,OH,2021-05-19T22:55:00.000Z,2025-03-02T12:46:00.000Z
YEP,506,East Palestine,OH,2021-08-06T18:53:00.000Z,2025-03-01T17:08:00.000Z
EDE,504,Edenton,NC,2021-04-17T22:18:00.000Z,2025-04-18T18:51:00.000Z
TWGVP,504,Madison Township,OH,2022-01-01T00:01:00Z,2025-01-29T12:45:00.000Z
QLW,497,Lewiston,ME,2021-04-16T02:12:00Z,2025-04-23T15:04:00.000Z
HPD,488,Hampstead,MD,2020-12-19T11:07:00.000Z,2025-03-14T17:46:00.000Z
NGY,486,Montgomery,OH,2021-05-18T07:08:00.000Z,2025-03-02T13:20:00.000Z
CVB,474,Coralville,IA,2021-04-16T02:23:00.000Z,2025-04-26T23:34:00.000Z
RSM,470,Rancho Santa Margarita,CA,2024-06-17T20:17:01.000Z,2025-04-29T14:48:01.000Z
CDEU,456,Wise County,TX,2020-01-02T01:20:00.000Z,2025-03-07T19:29:00.000Z
B8V,454,Bay Village,OH,2021-05-19T01:50:00.000Z,2025-02-25T14:53:00.000Z
TAI,454,Stallings,NC,2021-04-18T08:23:00.000Z,2025-04-07T17:56:00.000Z
HOO,451,Holland,OH,2021-08-06T09:36:00.000Z,2024-12-31T15:02:00.000Z
NRY,437,North Liberty,IA,2021-04-17T23:31:00.000Z,2025-04-25T21:43:00.000Z
NHW,434,"Northwood, Wood",OH,2021-05-16T04:05:00.000Z,2025-01-30T16:50:00.000Z
CBXW,425,Crawford County,OH,2021-05-15T12:35:00.000Z,2025-01-30T12:00:00.000Z
LKL,422,Lockland,OH,2021-05-15T04:28:00.000Z,2025-02-08T04:24:00.000Z
YRH,420,York Haven,PA,2025-01-25T18:46:00.000Z,2025-04-28T09:35:00.000Z
XDZ,419,Camp Hill,PA,2025-01-25T17:36:00.000Z,2025-04-28T11:55:00.000Z
QEN,418,Elon,NC,2021-04-16T23:43:00.000Z,2025-04-28T23:46:00.000Z
HUO,404,Hudson,OH,2021-07-07T22:06:00.000Z,2025-03-02T12:12:00.000Z
OBE,404,Obetz,OH,2021-10-13T08:50:00.000Z,2025-01-26T01:10:00.000Z
COG,389,Columbiana,OH,2021-05-23T12:50:00.000Z,2025-03-02T09:24:00.000Z
WON,388,Woodlawn,OH,2021-05-17T13:47:00.000Z,2025-02-10T16:54:00.000Z
CARF,381,Hancock County,OH,2022-01-01T07:19:00Z,2024-12-31T21:43:00.000Z
WGH,381,Worthington,OH,2021-12-10T01:55:00.000Z,2024-11-28T21:54:00.000Z
BCX,363,Blanchester,OH,2021-05-16T11:50:00.000Z,2025-01-22T17:16:00.000Z
BRY,357,Bryan,OH,2022-04-03T12:47:00Z,2025-03-01T16:08:00.000Z
TWCMH,355,Blendon Township,OH,2022-01-02T05:41:00Z,2025-01-28T13:35:00.000Z
GVP,352,Groveport,OH,2021-05-15T09:30:00.000Z,2025-01-26T19:17:00.000Z
ORR,350,Orrville,OH,2021-05-25T12:45:00.000Z,2025-02-27T11:32:00.000Z
CCSC,345,Coshocton County,OH,2022-01-02T15:46:00Z,2024-12-30T22:09:00.000Z
YMC,340,Manchester,PA,2025-01-27T08:30:00.000Z,2025-04-27T00:42:00.000Z
MAQ,337,Manor,TX,2021-09-01T10:44:00.000Z,2024-11-13T20:01:00.000Z
CNAL,332,Henry County,OH,2021-08-08T16:50:00.000Z,2024-12-25T22:10:00.000Z
TWNLA,327,Beaver Township,OH,2022-01-03T20:19:00Z,2025-01-23T20:19:00.000Z
YRS,312,Riverside,MO,2023-12-13T08:17:00Z,2025-03-15T04:11:00.000Z
VD7,307,Belvedere,CA,2019-08-12T16:20:00.000Z,2025-04-27T04:51:00.000Z
CFI,284,Canal Fulton,OH,2021-05-15T23:46:00.000Z,2025-01-31T13:00:00.000Z
GNF,278,Greenfield,OH,2021-05-24T22:45:00.000Z,2025-02-21T12:51:00.000Z
RLN,276,Red Lion,PA,2025-01-26T02:24:00.000Z,2025-04-26T13:55:00.000Z
TWXGA,275,Hubbard Township,OH,2022-01-03T17:19:00Z,2025-02-22T05:30:00.000Z
MEA,272,Mentor,OH,2021-05-29T15:45:00.000Z,2025-01-19T20:28:00.000Z
LUV,271,Louisville,OH,2021-06-09T23:22:00.000Z,2025-02-22T14:18:00.000Z
DJA,269,Gold Bar,WA,2020-12-20T21:52:00.000Z,2025-03-20T12:01:00.000Z
CNF,268,Canfield,OH,2021-05-24T13:27:00.000Z,2025-01-25T00:00:00.000Z
NYU,268,Nassau,NY,2021-03-22T12:00:00.000Z,2024-11-18T18:14:00.000Z
ZAT,262,Arlington,MA,2021-04-16T12:06:00.000Z,2025-04-26T19:56:00.000Z
UOO,247,Uniontown,OH,2021-08-08T20:20:00.000Z,2025-01-29T17:30:00.000Z
P4K,242,Pepper Pike,OH,2021-05-26T14:34:00.000Z,2025-01-29T14:30:00.000Z
LSW,236,Laguna Woods,CA,2024-06-21T10:59:00.000Z,2025-04-29T16:17:01.000Z
CEY,232,Murray,KY,2021-04-22T08:00:00.000Z,2025-04-24T21:23:00.000Z
CSCS,227,Belmont County,OH,2021-05-24T18:27:00.000Z,2025-01-31T06:30:00.000Z
HEH,227,Hershey,PA,2025-01-26T01:14:00.000Z,2025-04-26T17:21:00.000Z
BEP,226,Belpre,OH,2021-05-18T21:51:00.000Z,2025-01-15T12:00:00.000Z
NL4,224,New Lebanon,OH,2021-07-11T21:01:00.000Z,2025-01-26T16:04:00.000Z
CILN,222,Clinton County,OH,2021-07-09T02:46:00.000Z,2025-02-03T19:43:00.000Z
CPMH,219,Scioto County,OH,2021-08-26T08:00:00.000Z,2025-02-12T19:52:00.000Z
ME6,216,Madeira,OH,2021-07-14T17:49:00.000Z,2024-12-05T15:54:00.000Z
SQV,206,Sequim,WA,2022-01-02T07:00:00Z,2025-03-31T20:50:00.000Z
ASO,205,Ashville,OH,2021-05-22T21:22:00.000Z,2025-01-28T08:04:00.000Z
DAZ,194,Dallastown,PA,2025-01-25T16:26:00.000Z,2025-04-28T08:53:00.000Z
GQQ,194,Galion,OH,2022-01-01T00:37:00Z,2025-01-31T15:28:00.000Z
2LC,176,La Center,WA,2020-12-20T20:00:00.000Z,2025-02-19T21:42:00.000Z
CGGH,175,Darke County,OH,2022-03-06T21:13:00Z,2025-02-20T13:16:00.000Z
UXE,174,Mason,OH,2021-10-14T00:30:00.000Z,2025-01-26T02:41:00.000Z
OTQ,173,Ottawa,OH,2021-05-16T01:59:00.000Z,2025-01-24T10:34:00.000Z
SL9,171,Sheffield Lake,OH,2021-05-20T00:55:00.000Z,2025-01-27T19:49:00.000Z
DN3,168,Darrington,WA,2020-12-30T07:19:00.000Z,2025-04-26T09:20:00.000Z
ZB9,167,Cortland,OH,2021-05-15T22:30:00.000Z,2025-02-16T22:45:00.000Z
KNO,163,Kenton,OH,2021-10-18T20:30:00.000Z,2025-01-28T06:32:00.000Z
MEG,153,Mechanicsburg,PA,2025-01-26T00:00:00.000Z,2025-04-25T11:20:00.000Z
BUX,150,Batavia,OH,2021-06-09T12:23:00.000Z,2025-01-10T09:53:00.000Z
HEB,150,Hebron,OH,2021-05-29T21:00:00.000Z,2025-01-28T16:20:00.000Z
BKV,147,Brecksville,OH,2021-05-17T12:39:00.000Z,2025-02-27T14:44:00.000Z
CWUN,146,Fulton County,OH,2021-12-12T13:05:00.000Z,2025-01-31T11:26:00.000Z
BHU,145,"Bethel, Clermont",OH,2021-05-16T19:47:00.000Z,2025-01-24T11:15:00.000Z
DA2,143,Delta,OH,2021-07-08T12:00:00.000Z,2025-01-31T00:00:00.000Z
CGFT,141,Walsh County,ND,2022-01-06T22:53:00Z,2025-04-24T22:45:00.000Z
TXG,139,Gladewater,TX,2022-01-13T04:20:00Z,2025-04-06T05:48:00.000Z
TOD,131,Toronto,OH,2021-05-17T14:44:00.000Z,2025-01-18T02:00:00.000Z
BZC,130,Barnesville,OH,2021-05-22T21:03:00.000Z,2025-01-20T20:46:00.000Z
TYF,123,Tyrone,GA,2024-07-12T01:52:00.000Z,2025-04-23T23:01:00.000Z
PAD,121,Paulding,OH,2021-06-30T06:30:00.000Z,2024-12-20T13:40:00.000Z
CJFZ,117,Ashe County,NC,2021-04-18T14:59:00.000Z,2025-03-14T22:12:00.000Z
COHM,112,Pierce Township,OH,2022-01-13T02:00:00Z,2025-03-02T19:55:00.000Z
TWLNB,112,Clearcreek Township,OH,2022-01-06T12:00:00Z,2025-01-28T11:00:00.000Z
HWP,109,Hummelstown,PA,2025-01-25T23:46:00.000Z,2025-04-23T22:40:00.000Z
SQO,108,Springboro,OH,2020-04-05T07:40:00.000Z,2025-02-10T13:45:00.000Z
QRQ,104,New Richmond,OH,2021-05-15T00:00:00.000Z,2024-12-31T14:23:00.000Z
